Scientific Name,Common Name,Zone,Light Preference,Appearance, confidence,x,y
Abelia mosanensis,Fragrant Abelia,4–8,Full Sun to Part Shade,Pink tubular flowers; fragrant; arching habit,,298.76,275.39
Acer rubrum,Red Maple,3–9,Full Sun to Part Shade,Bright red fall foliage; medium to large tree,1.0,4750,6180
Amsonia hubrichtii,Threadleaf Bluestar,5–9,Full Sun to Light Shade,Feathery foliage; light blue star-shaped flowers,,261.03,125.09
Berberis thunbergii,Japanese Barberry,4–8,Full Sun to Part Shade,Spiny shrub; red to green foliage; small yellow flowers,,213.97,346.23
Buddleia davidii,Butterfly Bush,5–9,Full Sun,Long flower spikes; purple or pink; attracts butterflies,,175.59,312.12
Callicarpa americana,American Beautyberry,6–10,Full Sun to Part Shade,Bright purple berries along arching branches,,370.57,277.84
Camellia japonica,Camellia,7–9,Part Shade,Rose-like blooms; glossy evergreen leaves,,246.43,302.89
Cercis canadensis,Eastern Redbud,4–9,Full Sun to Part Shade,Pink pea-like flowers along branches,,152.32,387.17
Chionanthus virginicus,Fringe Tree,4–9,Full Sun to Part Shade,Fragrant fringe-like white flowers,,395.38,260.22
Cornus florida,Flowering Dogwood,5–9,Part Shade,Showy bracts in white or pink; red fall berries,,456.56,216.91
Acer rubrum var. 0,Red Maple,3–9,Full Sun to Part Shade,Bright red fall foliage; medium to large tree,,223.38,100.76
Berberis thunbergii var. 1,Japanese Barberry,4–8,Full Sun to Part Shade,Spiny shrub; red to green foliage; small yellow flowers,,241.7,370.53
Buddleia davidii var. 2,Butterfly Bush,5–9,Full Sun,Long flower spikes; purple or pink; attracts butterflies,,155.75,277.42
Callicarpa americana var. 3,American Beautyberry,6–10,Full Sun to Part Shade,Bright purple berries along arching branches,,297.89,344.67
Cercis canadensis var. 4,Eastern Redbud,4–9,Full Sun to Part Shade,Pink pea-like flowers along branches,,280.08,267.07
Cornus florida var. 5,Flowering Dogwood,5–9,Part Shade,Showy bracts in white or pink; red fall berries,,373.76,209.8
Amsonia hubrichtii var. 6,Threadleaf Bluestar,5–9,Full Sun to Light Shade,Feathery foliage; light blue star-shaped flowers,,192.92,167.61
Chionanthus virginicus var. 7,Fringe Tree,4–9,Full Sun to Part Shade,Fragrant fringe-like white flowers,,331.01,294.0
Camellia japonica var. 8,Camellia,7–9,Part Shade,Rose-like blooms; glossy evergreen leaves,,337.2,372.08
Abelia mosanensis var. 9,Fragrant Abelia,4–8,Full Sun to Part Shade,Pink tubular flowers; fragrant; arching habit,,128.97,218.56
Cercis canadensis var. 4 var. 0,Eastern Redbud,4–9,Full Sun to Part Shade,Pink pea-like flowers along branches,,372.69,399.25
Cornus florida var. 5 var. 1,Flowering Dogwood,5–9,Part Shade,Showy bracts in white or pink; red fall berries,,344.96,337.15
Camellia japonica var. 2,Camellia,7–9,Part Shade,Rose-like blooms; glossy evergreen leaves,,112.08,270.06
Cercis canadensis var. 3,Eastern Redbud,4–9,Full Sun to Part Shade,Pink pea-like flowers along branches,,367.47,449.76
Acer rubrum var. 4,Red Maple,3–9,Full Sun to Part Shade,Bright red fall foliage; medium to large tree,,377.73,132.59
Camellia japonica var. 8 var. 5,Camellia,7–9,Part Shade,Rose-like blooms; glossy evergreen leaves,,350.51,380.75
Buddleia davidii var. 6,Butterfly Bush,5–9,Full Sun,Long flower spikes; purple or pink; attracts butterflies,,434.51,341.14
Abelia mosanensis var. 9 var. 7,Fragrant Abelia,4–8,Full Sun to Part Shade,Pink tubular flowers; fragrant; arching habit,,451.52,463.02
Amsonia hubrichtii var. 8,Threadleaf Bluestar,5–9,Full Sun to Light Shade,Feathery foliage; light blue star-shaped flowers,,119.33,355.92
Buddleia davidii var. 2 var. 9,Butterfly Bush,5–9,Full Sun,Long flower spikes; purple or pink; attracts butterflies,,182.26,326.35
Acer rubrum var. 0 var. 10,Red Maple,3–9,Full Sun to Part Shade,Bright red fall foliage; medium to large tree,,344.19,464.33
Berberis thunbergii var. 1 var. 11,Japanese Barberry,4–8,Full Sun to Part Shade,Spiny shrub; red to green foliage; small yellow flowers,,310.46,443.69
Chionanthus virginicus var. 7 var. 12,Fringe Tree,4–9,Full Sun to Part Shade,Fragrant fringe-like white flowers,,180.53,473.51
Callicarpa americana var. 13,American Beautyberry,6–10,Full Sun to Part Shade,Bright purple berries along arching branches,,205.48,427.45
Cornus florida var. 14,Flowering Dogwood,5–9,Part Shade,Showy bracts in white or pink; red fall berries,,467.59,340.39
Callicarpa americana var. 3 var. 15,American Beautyberry,6–10,Full Sun to Part Shade,Bright purple berries along arching branches,,401.28,126.59
Amsonia hubrichtii var. 6 var. 16,Threadleaf Bluestar,5–9,Full Sun to Light Shade,Feathery foliage; light blue star-shaped flowers,,285.41,423.69
Chionanthus virginicus var. 17,Fringe Tree,4–9,Full Sun to Part Shade,Fragrant fringe-like white flowers,,278.44,172.97
Abelia mosanensis var. 18,Fragrant Abelia,4–8,Full Sun to Part Shade,Pink tubular flowers; fragrant; arching habit,,313.1,368.9
Berberis thunbergii var. 19,Japanese Barberry,4–8,Full Sun to Part Shade,Spiny shrub; red to green foliage; small yellow flowers,,453.35,290.65
Cercis canadensis var. 3 var. 0,Eastern Redbud,4–9,Full Sun to Part Shade,Pink pea-like flowers along branches,,235.35,257.94
Cercis canadensis var. 4 var. 0 var. 1,Eastern Redbud,4–9,Full Sun to Part Shade,Pink pea-like flowers along branches,,134.36,236.58
Cornus florida var. 5 var. 1 var. 2,Flowering Dogwood,5–9,Part Shade,Showy bracts in white or pink; red fall berries,,395.42,129.9
Buddleia davidii var. 2 var. 3,Butterfly Bush,5–9,Full Sun,Long flower spikes; purple or pink; attracts butterflies,,471.52,123.82
Amsonia hubrichtii var. 8 var. 4,Threadleaf Bluestar,5–9,Full Sun to Light Shade,Feathery foliage; light blue star-shaped flowers,,394.28,125.9
Camellia japonica var. 2 var. 5,Camellia,7–9,Part Shade,Rose-like blooms; glossy evergreen leaves,,182.2,376.54
Acer rubrum var. 6,Red Maple,3–9,Full Sun to Part Shade,Bright red fall foliage; medium to large tree,,444.85,385.48
Callicarpa americana var. 7,American Beautyberry,6–10,Full Sun to Part Shade,Bright purple berries along arching branches,,451.33,224.71
Abelia mosanensis var. 9 var. 7 var. 8,Fragrant Abelia,4–8,Full Sun to Part Shade,Pink tubular flowers; fragrant; arching habit,,424.34,112.0
Buddleia davidii var. 6 var. 9,Butterfly Bush,5–9,Full Sun,Long flower spikes; purple or pink; attracts butterflies,,365.04,110.06
Abelia mosanensis var. 18 var. 10,Fragrant Abelia,4–8,Full Sun to Part Shade,Pink tubular flowers; fragrant; arching habit,,126.25,320.23
Cercis canadensis var. 4 var. 11,Eastern Redbud,4–9,Full Sun to Part Shade,Pink pea-like flowers along branches,,197.1,184.86
Berberis thunbergii var. 19 var. 12,Japanese Barberry,4–8,Full Sun to Part Shade,Spiny shrub; red to green foliage; small yellow flowers,,388.61,486.92
Callicarpa americana var. 3 var. 13,American Beautyberry,6–10,Full Sun to Part Shade,Bright purple berries along arching branches,,155.38,280.57
Abelia mosanensis var. 14,Fragrant Abelia,4–8,Full Sun to Part Shade,Pink tubular flowers; fragrant; arching habit,,222.56,473.76
Camellia japonica var. 8 var. 15,Camellia,7–9,Part Shade,Rose-like blooms; glossy evergreen leaves,,236.06,409.01
Cercis canadensis var. 16,Eastern Redbud,4–9,Full Sun to Part Shade,Pink pea-like flowers along branches,,231.03,328.02
Acer rubrum var. 4 var. 17,Red Maple,3–9,Full Sun to Part Shade,Bright red fall foliage; medium to large tree,,300.45,117.96
Cornus florida var. 18,Flowering Dogwood,5–9,Part Shade,Showy bracts in white or pink; red fall berries,,267.18,456.39
Chionanthus virginicus var. 19,Fringe Tree,4–9,Full Sun to Part Shade,Fragrant fringe-like white flowers,,398.46,483.12
Berberis thunbergii var. 1 var. 11 var. 20,Japanese Barberry,4–8,Full Sun to Part Shade,Spiny shrub; red to green foliage; small yellow flowers,,490.17,340.07
Camellia japonica var. 8 var. 5 var. 21,Camellia,7–9,Part Shade,Rose-like blooms; glossy evergreen leaves,,197.85,417.89
Buddleia davidii var. 22,Butterfly Bush,5–9,Full Sun,Long flower spikes; purple or pink; attracts butterflies,,441.73,100.05
Chionanthus virginicus var. 7 var. 12 var. 23,Fringe Tree,4–9,Full Sun to Part Shade,Fragrant fringe-like white flowers,,471.93,106.43
Berberis thunbergii var. 24,Japanese Barberry,4–8,Full Sun to Part Shade,Spiny shrub; red to green foliage; small yellow flowers,,426.29,157.91
Callicarpa americana var. 13 var. 25,American Beautyberry,6–10,Full Sun to Part Shade,Bright purple berries along arching branches,,329.87,467.65
Acer rubrum var. 0 var. 10 var. 26,Red Maple,3–9,Full Sun to Part Shade,Bright red fall foliage; medium to large tree,,154.88,309.99
Buddleia davidii var. 2 var. 9 var. 27,Butterfly Bush,5–9,Full Sun,Long flower spikes; purple or pink; attracts butterflies,,310.04,271.67
Abelia mosanensis var. 9 var. 28,Fragrant Abelia,4–8,Full Sun to Part Shade,Pink tubular flowers; fragrant; arching habit,,420.08,200.36
Acer rubrum var. 0 var. 29,Red Maple,3–9,Full Sun to Part Shade,Bright red fall foliage; medium to large tree,,239.71,286.91
Amsonia hubrichtii var. 30,Threadleaf Bluestar,5–9,Full Sun to Light Shade,Feathery foliage; light blue star-shaped flowers,,169.14,288.77
Callicarpa americana var. 3 var. 15 var. 31,American Beautyberry,6–10,Full Sun to Part Shade,Bright purple berries along arching branches,,224.7,315.65
Amsonia hubrichtii var. 6 var. 32,Threadleaf Bluestar,5–9,Full Sun to Light Shade,Feathery foliage; light blue star-shaped flowers,,387.74,374.8
Cornus florida var. 5 var. 33,Flowering Dogwood,5–9,Part Shade,Showy bracts in white or pink; red fall berries,,270.68,103.95
Chionanthus virginicus var. 17 var. 34,Fringe Tree,4–9,Full Sun to Part Shade,Fragrant fringe-like white flowers,,242.61,360.52
Cornus florida var. 14 var. 35,Flowering Dogwood,5–9,Part Shade,Showy bracts in white or pink; red fall berries,,217.47,380.27
Berberis thunbergii var. 1 var. 36,Japanese Barberry,4–8,Full Sun to Part Shade,Spiny shrub; red to green foliage; small yellow flowers,,458.54,444.88
Camellia japonica var. 37,Camellia,7–9,Part Shade,Rose-like blooms; glossy evergreen leaves,,487.5,159.69
Chionanthus virginicus var. 7 var. 38,Fringe Tree,4–9,Full Sun to Part Shade,Fragrant fringe-like white flowers,,464.29,309.65
Amsonia hubrichtii var. 6 var. 16 var. 39,Threadleaf Bluestar,5–9,Full Sun to Light Shade,Feathery foliage; light blue star-shaped flowers,,337.14,464.48
Abelia mosanensis var. 18 var. 0,Fragrant Abelia,4–8,Full Sun to Part Shade,Pink tubular flowers; fragrant; arching habit,,280.14,321.07
Camellia japonica var. 8 var. 5 var. 21 var. 1,Camellia,7–9,Part Shade,Rose-like blooms; glossy evergreen leaves,,244.7,119.11
Callicarpa americana var. 3 var. 15 var. 31 var. 2,American Beautyberry,6–10,Full Sun to Part Shade,Bright purple berries along arching branches,,167.33,299.85
Cercis canadensis var. 4 var. 0 var. 1 var. 3,Eastern Redbud,4–9,Full Sun to Part Shade,Pink pea-like flowers along branches,,323.37,136.03
Acer rubrum var. 0 var. 10 var. 26 var. 4,Red Maple,3–9,Full Sun to Part Shade,Bright red fall foliage; medium to large tree,,142.2,296.05
Cornus florida var. 5,Flowering Dogwood,5–9,Part Shade,Showy bracts in white or pink; red fall berries,,115.86,369.06
Chionanthus virginicus var. 7 var. 6,Fringe Tree,4–9,Full Sun to Part Shade,Fragrant fringe-like white flowers,,137.82,279.13
Cercis canadensis var. 4 var. 0 var. 7,Eastern Redbud,4–9,Full Sun to Part Shade,Pink pea-like flowers along branches,,170.26,365.51
Berberis thunbergii var. 19 var. 12 var. 8,Japanese Barberry,4–8,Full Sun to Part Shade,Spiny shrub; red to green foliage; small yellow flowers,,144.64,258.76
Amsonia hubrichtii var. 8 var. 4 var. 9,Threadleaf Bluestar,5–9,Full Sun to Light Shade,Feathery foliage; light blue star-shaped flowers,,366.34,426.31
Acer rubrum var. 6 var. 10,Red Maple,3–9,Full Sun to Part Shade,Bright red fall foliage; medium to large tree,,198.98,292.44
Berberis thunbergii var. 1 var. 11,Japanese Barberry,4–8,Full Sun to Part Shade,Spiny shrub; red to green foliage; small yellow flowers,,496.41,344.31
Callicarpa americana var. 12,American Beautyberry,6–10,Full Sun to Part Shade,Bright purple berries along arching branches,,112.93,360.06
Cornus florida var. 5 var. 13,Flowering Dogwood,5–9,Part Shade,Showy bracts in white or pink; red fall berries,,180.25,331.81
Callicarpa americana var. 3 var. 14,American Beautyberry,6–10,Full Sun to Part Shade,Bright purple berries along arching branches,,266.94,479.78
Camellia japonica var. 8 var. 5 var. 15,Camellia,7–9,Part Shade,Rose-like blooms; glossy evergreen leaves,,219.02,232.23
Berberis thunbergii var. 1 var. 36 var. 16,Japanese Barberry,4–8,Full Sun to Part Shade,Spiny shrub; red to green foliage; small yellow flowers,,340.93,118.94
Chionanthus virginicus var. 17 var. 17,Fringe Tree,4–9,Full Sun to Part Shade,Fragrant fringe-like white flowers,,174.77,122.39
Buddleia davidii var. 22 var. 18,Butterfly Bush,5–9,Full Sun,Long flower spikes; purple or pink; attracts butterflies,,493.81,195.16
Camellia japonica var. 8 var. 19,Camellia,7–9,Part Shade,Rose-like blooms; glossy evergreen leaves,,447.36,393.31
Acer rubrum var. 4 var. 17 var. 20,Red Maple,3–9,Full Sun to Part Shade,Bright red fall foliage; medium to large tree,,376.48,366.12
Buddleia davidii var. 2 var. 9 var. 27 var. 21,Butterfly Bush,5–9,Full Sun,Long flower spikes; purple or pink; attracts butterflies,,462.67,436.49
Cercis canadensis var. 3 var. 22,Eastern Redbud,4–9,Full Sun to Part Shade,Pink pea-like flowers along branches,,488.59,259.39
Chionanthus virginicus var. 7 var. 12 var. 23,Fringe Tree,4–9,Full Sun to Part Shade,Fragrant fringe-like white flowers,,342.47,279.82
Amsonia hubrichtii var. 8 var. 24,Threadleaf Bluestar,5–9,Full Sun to Light Shade,Feathery foliage; light blue star-shaped flowers,,319.98,407.69
Amsonia hubrichtii var. 30 var. 25,Threadleaf Bluestar,5–9,Full Sun to Light Shade,Feathery foliage; light blue star-shaped flowers,,379.27,499.11
Amsonia hubrichtii var. 26,Threadleaf Bluestar,5–9,Full Sun to Light Shade,Feathery foliage; light blue star-shaped flowers,,394.78,150.11
Berberis thunbergii var. 1 var. 11 var. 27,Japanese Barberry,4–8,Full Sun to Part Shade,Spiny shrub; red to green foliage; small yellow flowers,,448.05,170.87
Amsonia hubrichtii var. 6 var. 32 var. 28,Threadleaf Bluestar,5–9,Full Sun to Light Shade,Feathery foliage; light blue star-shaped flowers,,175.76,281.18
Berberis thunbergii var. 19 var. 29,Japanese Barberry,4–8,Full Sun to Part Shade,Spiny shrub; red to green foliage; small yellow flowers,,314.45,109.25
Cercis canadensis var. 30,Eastern Redbud,4–9,Full Sun to Part Shade,Pink pea-like flowers along branches,,294.53,276.42
Camellia japonica var. 2 var. 31,Camellia,7–9,Part Shade,Rose-like blooms; glossy evergreen leaves,,453.35,400.2
Buddleia davidii var. 6 var. 32,Butterfly Bush,5–9,Full Sun,Long flower spikes; purple or pink; attracts butterflies,,297.78,151.43
Amsonia hubrichtii var. 6 var. 16 var. 39 var. 33,Threadleaf Bluestar,5–9,Full Sun to Light Shade,Feathery foliage; light blue star-shaped flowers,,499.09,457.05
Abelia mosanensis var. 18 var. 10 var. 34,Fragrant Abelia,4–8,Full Sun to Part Shade,Pink tubular flowers; fragrant; arching habit,,379.11,463.03
Cornus florida var. 14 var. 35 var. 35,Flowering Dogwood,5–9,Part Shade,Showy bracts in white or pink; red fall berries,,339.4,434.89
Callicarpa americana var. 3 var. 15 var. 36,American Beautyberry,6–10,Full Sun to Part Shade,Bright purple berries along arching branches,,403.67,246.26
Chionanthus virginicus var. 37,Fringe Tree,4–9,Full Sun to Part Shade,Fragrant fringe-like white flowers,,203.6,426.43
Buddleia davidii var. 2 var. 38,Butterfly Bush,5–9,Full Sun,Long flower spikes; purple or pink; attracts butterflies,,148.81,184.52
Berberis thunbergii var. 24 var. 39,Japanese Barberry,4–8,Full Sun to Part Shade,Spiny shrub; red to green foliage; small yellow flowers,,488.25,201.02
Chionanthus virginicus var. 17 var. 34 var. 40,Fringe Tree,4–9,Full Sun to Part Shade,Fragrant fringe-like white flowers,,481.66,325.89
Cercis canadensis var. 3 var. 0 var. 41,Eastern Redbud,4–9,Full Sun to Part Shade,Pink pea-like flowers along branches,,281.14,343.35
Amsonia hubrichtii var. 6 var. 42,Threadleaf Bluestar,5–9,Full Sun to Light Shade,Feathery foliage; light blue star-shaped flowers,,205.69,252.44
Chionanthus virginicus var. 7 var. 12 var. 23 var. 43,Fringe Tree,4–9,Full Sun to Part Shade,Fragrant fringe-like white flowers,,139.78,326.64
Callicarpa americana var. 13 var. 25 var. 44,American Beautyberry,6–10,Full Sun to Part Shade,Bright purple berries along arching branches,,431.28,332.89
Acer rubrum var. 0 var. 45,Red Maple,3–9,Full Sun to Part Shade,Bright red fall foliage; medium to large tree,,370.4,302.41
Buddleia davidii var. 2 var. 9 var. 46,Butterfly Bush,5–9,Full Sun,Long flower spikes; purple or pink; attracts butterflies,,456.16,272.76
Cercis canadensis var. 4 var. 47,Eastern Redbud,4–9,Full Sun to Part Shade,Pink pea-like flowers along branches,,241.18,242.02
Abelia mosanensis var. 9 var. 7 var. 48,Fragrant Abelia,4–8,Full Sun to Part Shade,Pink tubular flowers; fragrant; arching habit,,421.18,312.73
Camellia japonica var. 2 var. 5 var. 49,Camellia,7–9,Part Shade,Rose-like blooms; glossy evergreen leaves,,191.99,450.16
Callicarpa americana var. 7 var. 50,American Beautyberry,6–10,Full Sun to Part Shade,Bright purple berries along arching branches,,257.94,121.89
Acer rubrum var. 4 var. 51,Red Maple,3–9,Full Sun to Part Shade,Bright red fall foliage; medium to large tree,,373.92,353.24
Abelia mosanensis var. 14 var. 52,Fragrant Abelia,4–8,Full Sun to Part Shade,Pink tubular flowers; fragrant; arching habit,,137.8,220.8
Callicarpa americana var. 13 var. 53,American Beautyberry,6–10,Full Sun to Part Shade,Bright purple berries along arching branches,,224.41,422.95
Cercis canadensis var. 4 var. 11 var. 54,Eastern Redbud,4–9,Full Sun to Part Shade,Pink pea-like flowers along branches,,149.01,333.05
Buddleia davidii var. 6 var. 9 var. 55,Butterfly Bush,5–9,Full Sun,Long flower spikes; purple or pink; attracts butterflies,,309.74,136.27
Berberis thunbergii var. 56,Japanese Barberry,4–8,Full Sun to Part Shade,Spiny shrub; red to green foliage; small yellow flowers,,453.48,487.57
Acer rubrum var. 0 var. 10 var. 57,Red Maple,3–9,Full Sun to Part Shade,Bright red fall foliage; medium to large tree,,281.86,191.46
Cornus florida var. 14 var. 58,Flowering Dogwood,5–9,Part Shade,Showy bracts in white or pink; red fall berries,,454.73,498.56
Camellia japonica var. 37 var. 59,Camellia,7–9,Part Shade,Rose-like blooms; glossy evergreen leaves,,474.8,130.9
Chionanthus virginicus var. 19 var. 60,Fringe Tree,4–9,Full Sun to Part Shade,Fragrant fringe-like white flowers,,191.84,116.68
Buddleia davidii var. 2 var. 3 var. 61,Butterfly Bush,5–9,Full Sun,Long flower spikes; purple or pink; attracts butterflies,,456.96,361.07
Amsonia hubrichtii var. 6 var. 16 var. 62,Threadleaf Bluestar,5–9,Full Sun to Light Shade,Feathery foliage; light blue star-shaped flowers,,142.81,222.05
Berberis thunbergii var. 1 var. 11 var. 20 var. 63,Japanese Barberry,4–8,Full Sun to Part Shade,Spiny shrub; red to green foliage; small yellow flowers,,461.54,228.58
Cornus florida var. 5 var. 1 var. 2 var. 64,Flowering Dogwood,5–9,Part Shade,Showy bracts in white or pink; red fall berries,,266.43,254.53
Cercis canadensis var. 16 var. 65,Eastern Redbud,4–9,Full Sun to Part Shade,Pink pea-like flowers along branches,,389.86,381.5
Abelia mosanensis var. 9 var. 7 var. 8 var. 66,Fragrant Abelia,4–8,Full Sun to Part Shade,Pink tubular flowers; fragrant; arching habit,,124.91,212.54
Callicarpa americana var. 3 var. 13 var. 67,American Beautyberry,6–10,Full Sun to Part Shade,Bright purple berries along arching branches,,434.24,314.72
Buddleia davidii var. 68,Butterfly Bush,5–9,Full Sun,Long flower spikes; purple or pink; attracts butterflies,,473.72,111.23
Abelia mosanensis var. 9 var. 28 var. 69,Fragrant Abelia,4–8,Full Sun to Part Shade,Pink tubular flowers; fragrant; arching habit,,454.73,457.0
Abelia mosanensis var. 70,Fragrant Abelia,4–8,Full Sun to Part Shade,Pink tubular flowers; fragrant; arching habit,,285.42,425.0
Chionanthus virginicus var. 7 var. 38 var. 71,Fringe Tree,4–9,Full Sun to Part Shade,Fragrant fringe-like white flowers,,257.63,105.33
Acer rubrum var. 0 var. 29 var. 72,Red Maple,3–9,Full Sun to Part Shade,Bright red fall foliage; medium to large tree,,413.51,327.79
Cornus florida var. 5 var. 1 var. 73,Flowering Dogwood,5–9,Part Shade,Showy bracts in white or pink; red fall berries,,468.78,279.73
Cornus florida var. 5 var. 33 var. 74,Flowering Dogwood,5–9,Part Shade,Showy bracts in white or pink; red fall berries,,319.97,238.66
Abelia mosanensis var. 9 var. 75,Fragrant Abelia,4–8,Full Sun to Part Shade,Pink tubular flowers; fragrant; arching habit,,155.35,235.97
Camellia japonica var. 8 var. 15 var. 76,Camellia,7–9,Part Shade,Rose-like blooms; glossy evergreen leaves,,382.63,498.93
Acer rubrum var. 77,Red Maple,3–9,Full Sun to Part Shade,Bright red fall foliage; medium to large tree,,229.44,112.72
Camellia japonica var. 78,Camellia,7–9,Part Shade,Rose-like blooms; glossy evergreen leaves,,150.28,129.65
Cornus florida var. 18 var. 79,Flowering Dogwood,5–9,Part Shade,Showy bracts in white or pink; red fall berries,,494.13,282.21
Chionanthus virginicus var. 7 var. 38 var. 71 var. 0,Fringe Tree,4–9,Full Sun to Part Shade,Fragrant fringe-like white flowers,,493.45,303.23
Amsonia hubrichtii var. 6 var. 42 var. 1,Threadleaf Bluestar,5–9,Full Sun to Light Shade,Feathery foliage; light blue star-shaped flowers,,344.31,164.52
Acer rubrum var. 0 var. 10 var. 57 var. 2,Red Maple,3–9,Full Sun to Part Shade,Bright red fall foliage; medium to large tree,,314.35,178.12
Berberis thunbergii var. 19 var. 29 var. 3,Japanese Barberry,4–8,Full Sun to Part Shade,Spiny shrub; red to green foliage; small yellow flowers,,411.09,440.2
Cornus florida var. 5 var. 1 var. 2 var. 64 var. 4,Flowering Dogwood,5–9,Part Shade,Showy bracts in white or pink; red fall berries,,107.53,325.9
Callicarpa americana var. 5,American Beautyberry,6–10,Full Sun to Part Shade,Bright purple berries along arching branches,,297.18,385.28
Acer rubrum var. 0 var. 29 var. 72 var. 6,Red Maple,3–9,Full Sun to Part Shade,Bright red fall foliage; medium to large tree,,455.29,380.79
Berberis thunbergii var. 1 var. 7,Japanese Barberry,4–8,Full Sun to Part Shade,Spiny shrub; red to green foliage; small yellow flowers,,146.31,329.92
Berberis thunbergii var. 24 var. 39 var. 8,Japanese Barberry,4–8,Full Sun to Part Shade,Spiny shrub; red to green foliage; small yellow flowers,,256.66,100.33
Chionanthus virginicus var. 7 var. 12 var. 23 var. 43 var. 9,Fringe Tree,4–9,Full Sun to Part Shade,Fragrant fringe-like white flowers,,192.29,414.1
Abelia mosanensis var. 9 var. 75 var. 10,Fragrant Abelia,4–8,Full Sun to Part Shade,Pink tubular flowers; fragrant; arching habit,,140.98,261.01
Callicarpa americana var. 3 var. 11,American Beautyberry,6–10,Full Sun to Part Shade,Bright purple berries along arching branches,,428.38,416.57
Berberis thunbergii var. 1 var. 11 var. 20 var. 12,Japanese Barberry,4–8,Full Sun to Part Shade,Spiny shrub; red to green foliage; small yellow flowers,,167.44,192.21
Acer rubrum var. 4 var. 13,Red Maple,3–9,Full Sun to Part Shade,Bright red fall foliage; medium to large tree,,245.31,319.02
Cornus florida var. 14,Flowering Dogwood,5–9,Part Shade,Showy bracts in white or pink; red fall berries,,314.43,300.28
Abelia mosanensis var. 14 var. 52 var. 15,Fragrant Abelia,4–8,Full Sun to Part Shade,Pink tubular flowers; fragrant; arching habit,,302.27,496.49
Cornus florida var. 14 var. 58 var. 16,Flowering Dogwood,5–9,Part Shade,Showy bracts in white or pink; red fall berries,,252.1,406.79
Berberis thunbergii var. 1 var. 11 var. 20 var. 63 var. 17,Japanese Barberry,4–8,Full Sun to Part Shade,Spiny shrub; red to green foliage; small yellow flowers,,332.91,471.32
Amsonia hubrichtii var. 8 var. 4 var. 9 var. 18,Threadleaf Bluestar,5–9,Full Sun to Light Shade,Feathery foliage; light blue star-shaped flowers,,195.19,437.52
Cercis canadensis var. 4 var. 11 var. 54 var. 19,Eastern Redbud,4–9,Full Sun to Part Shade,Pink pea-like flowers along branches,,364.48,455.96
Cornus florida var. 14 var. 35 var. 20,Flowering Dogwood,5–9,Part Shade,Showy bracts in white or pink; red fall berries,,343.82,252.62
Camellia japonica var. 8 var. 5 var. 21,Camellia,7–9,Part Shade,Rose-like blooms; glossy evergreen leaves,,487.46,182.87
Cercis canadensis var. 16 var. 65 var. 22,Eastern Redbud,4–9,Full Sun to Part Shade,Pink pea-like flowers along branches,,471.16,401.76
Cercis canadensis var. 4 var. 0 var. 1 var. 3 var. 23,Eastern Redbud,4–9,Full Sun to Part Shade,Pink pea-like flowers along branches,,482.76,288.76
Berberis thunbergii var. 24 var. 24,Japanese Barberry,4–8,Full Sun to Part Shade,Spiny shrub; red to green foliage; small yellow flowers,,313.06,133.87
Abelia mosanensis var. 25,Fragrant Abelia,4–8,Full Sun to Part Shade,Pink tubular flowers; fragrant; arching habit,,195.88,457.21
Chionanthus virginicus var. 7 var. 26,Fringe Tree,4–9,Full Sun to Part Shade,Fragrant fringe-like white flowers,,438.57,114.9
Cercis canadensis var. 3 var. 0 var. 41 var. 27,Eastern Redbud,4–9,Full Sun to Part Shade,Pink pea-like flowers along branches,,490.02,247.67
Buddleia davidii var. 2 var. 38 var. 28,Butterfly Bush,5–9,Full Sun,Long flower spikes; purple or pink; attracts butterflies,,277.85,112.13
Acer rubrum var. 6 var. 10 var. 29,Red Maple,3–9,Full Sun to Part Shade,Bright red fall foliage; medium to large tree,,235.71,233.69
Chionanthus virginicus var. 37 var. 30,Fringe Tree,4–9,Full Sun to Part Shade,Fragrant fringe-like white flowers,,196.77,205.54
Amsonia hubrichtii var. 8 var. 31,Threadleaf Bluestar,5–9,Full Sun to Light Shade,Feathery foliage; light blue star-shaped flowers,,120.03,250.23
Buddleia davidii var. 68 var. 32,Butterfly Bush,5–9,Full Sun,Long flower spikes; purple or pink; attracts butterflies,,488.15,342.03
Buddleia davidii var. 6 var. 32 var. 33,Butterfly Bush,5–9,Full Sun,Long flower spikes; purple or pink; attracts butterflies,,393.42,335.02
Acer rubrum var. 0 var. 34,Red Maple,3–9,Full Sun to Part Shade,Bright red fall foliage; medium to large tree,,171.97,102.04
Callicarpa americana var. 3 var. 15 var. 35,American Beautyberry,6–10,Full Sun to Part Shade,Bright purple berries along arching branches,,236.96,268.56
Cercis canadensis var. 4 var. 47 var. 36,Eastern Redbud,4–9,Full Sun to Part Shade,Pink pea-like flowers along branches,,459.18,283.21
Abelia mosanensis var. 9 var. 28 var. 37,Fragrant Abelia,4–8,Full Sun to Part Shade,Pink tubular flowers; fragrant; arching habit,,439.14,422.45
Amsonia hubrichtii var. 38,Threadleaf Bluestar,5–9,Full Sun to Light Shade,Feathery foliage; light blue star-shaped flowers,,203.94,113.25
Callicarpa americana var. 3 var. 13 var. 67 var. 39,American Beautyberry,6–10,Full Sun to Part Shade,Bright purple berries along arching branches,,290.06,402.84
Camellia japonica var. 8 var. 5 var. 21 var. 40,Camellia,7–9,Part Shade,Rose-like blooms; glossy evergreen leaves,,233.27,306.98
Cornus florida var. 5 var. 1 var. 2 var. 41,Flowering Dogwood,5–9,Part Shade,Showy bracts in white or pink; red fall berries,,185.81,398.47
Amsonia hubrichtii var. 8 var. 24 var. 42,Threadleaf Bluestar,5–9,Full Sun to Light Shade,Feathery foliage; light blue star-shaped flowers,,487.43,334.04
Chionanthus virginicus var. 17 var. 34 var. 40 var. 43,Fringe Tree,4–9,Full Sun to Part Shade,Fragrant fringe-like white flowers,,367.88,247.22
Acer rubrum var. 0 var. 10 var. 44,Red Maple,3–9,Full Sun to Part Shade,Bright red fall foliage; medium to large tree,,283.48,266.63
Acer rubrum var. 4 var. 17 var. 20 var. 45,Red Maple,3–9,Full Sun to Part Shade,Bright red fall foliage; medium to large tree,,254.72,367.18
Chionanthus virginicus var. 7 var. 38 var. 46,Fringe Tree,4–9,Full Sun to Part Shade,Fragrant fringe-like white flowers,,472.23,429.16
Buddleia davidii var. 2 var. 47,Butterfly Bush,5–9,Full Sun,Long flower spikes; purple or pink; attracts butterflies,,491.85,159.34
Abelia mosanensis var. 70 var. 48,Fragrant Abelia,4–8,Full Sun to Part Shade,Pink tubular flowers; fragrant; arching habit,,176.83,369.47
Amsonia hubrichtii var. 6 var. 49,Threadleaf Bluestar,5–9,Full Sun to Light Shade,Feathery foliage; light blue star-shaped flowers,,283.95,354.3
Chionanthus virginicus var. 19 var. 50,Fringe Tree,4–9,Full Sun to Part Shade,Fragrant fringe-like white flowers,,194.12,266.75
Amsonia hubrichtii var. 6 var. 16 var. 62 var. 51,Threadleaf Bluestar,5–9,Full Sun to Light Shade,Feathery foliage; light blue star-shaped flowers,,237.99,333.29
Berberis thunbergii var. 56 var. 52,Japanese Barberry,4–8,Full Sun to Part Shade,Spiny shrub; red to green foliage; small yellow flowers,,487.65,440.57
Cornus florida var. 5 var. 53,Flowering Dogwood,5–9,Part Shade,Showy bracts in white or pink; red fall berries,,481.17,497.2
Callicarpa americana var. 13 var. 54,American Beautyberry,6–10,Full Sun to Part Shade,Bright purple berries along arching branches,,246.28,127.54
Amsonia hubrichtii var. 30 var. 25 var. 55,Threadleaf Bluestar,5–9,Full Sun to Light Shade,Feathery foliage; light blue star-shaped flowers,,323.05,248.36
Buddleia davidii var. 56,Butterfly Bush,5–9,Full Sun,Long flower spikes; purple or pink; attracts butterflies,,346.23,223.54
Camellia japonica var. 8 var. 5 var. 15 var. 57,Camellia,7–9,Part Shade,Rose-like blooms; glossy evergreen leaves,,408.04,390.89
Acer rubrum var. 77 var. 58,Red Maple,3–9,Full Sun to Part Shade,Bright red fall foliage; medium to large tree,,402.83,321.75
Buddleia davidii var. 6 var. 9 var. 55 var. 59,Butterfly Bush,5–9,Full Sun,Long flower spikes; purple or pink; attracts butterflies,,455.04,121.26
Cornus florida var. 5 var. 33 var. 74 var. 60,Flowering Dogwood,5–9,Part Shade,Showy bracts in white or pink; red fall berries,,208.79,130.2
Abelia mosanensis var. 18 var. 10 var. 34 var. 61,Fragrant Abelia,4–8,Full Sun to Part Shade,Pink tubular flowers; fragrant; arching habit,,468.12,102.53
Camellia japonica var. 8 var. 15 var. 62,Camellia,7–9,Part Shade,Rose-like blooms; glossy evergreen leaves,,300.93,181.48
Chionanthus virginicus var. 17 var. 34 var. 63,Fringe Tree,4–9,Full Sun to Part Shade,Fragrant fringe-like white flowers,,127.64,432.4
Cercis canadensis var. 3 var. 0 var. 64,Eastern Redbud,4–9,Full Sun to Part Shade,Pink pea-like flowers along branches,,235.11,440.05
Berberis thunbergii var. 1 var. 36 var. 16 var. 65,Japanese Barberry,4–8,Full Sun to Part Shade,Spiny shrub; red to green foliage; small yellow flowers,,202.82,212.25
Cornus florida var. 5 var. 13 var. 66,Flowering Dogwood,5–9,Part Shade,Showy bracts in white or pink; red fall berries,,426.9,108.91
Amsonia hubrichtii var. 8 var. 4 var. 67,Threadleaf Bluestar,5–9,Full Sun to Light Shade,Feathery foliage; light blue star-shaped flowers,,212.75,458.35
Camellia japonica var. 8 var. 5 var. 21 var. 1 var. 68,Camellia,7–9,Part Shade,Rose-like blooms; glossy evergreen leaves,,303.6,480.42
Callicarpa americana var. 3 var. 14 var. 69,American Beautyberry,6–10,Full Sun to Part Shade,Bright purple berries along arching branches,,262.05,462.45
Acer rubrum var. 70,Red Maple,3–9,Full Sun to Part Shade,Bright red fall foliage; medium to large tree,,233.27,263.03
Cornus florida var. 5 var. 71,Flowering Dogwood,5–9,Part Shade,Showy bracts in white or pink; red fall berries,,386.35,196.69
Callicarpa americana var. 12 var. 72,American Beautyberry,6–10,Full Sun to Part Shade,Bright purple berries along arching branches,,358.87,352.26
Berberis thunbergii var. 1 var. 11 var. 73,Japanese Barberry,4–8,Full Sun to Part Shade,Spiny shrub; red to green foliage; small yellow flowers,,166.82,217.03
Buddleia davidii var. 6 var. 74,Butterfly Bush,5–9,Full Sun,Long flower spikes; purple or pink; attracts butterflies,,346.8,184.15
Camellia japonica var. 37 var. 75,Camellia,7–9,Part Shade,Rose-like blooms; glossy evergreen leaves,,444.56,346.38
Cercis canadensis var. 3 var. 76,Eastern Redbud,4–9,Full Sun to Part Shade,Pink pea-like flowers along branches,,302.57,375.7
Camellia japonica var. 37 var. 59 var. 77,Camellia,7–9,Part Shade,Rose-like blooms; glossy evergreen leaves,,167.43,120.04
Cercis canadensis var. 4 var. 11 var. 78,Eastern Redbud,4–9,Full Sun to Part Shade,Pink pea-like flowers along branches,,254.49,156.77
Cercis canadensis var. 3 var. 22 var. 79,Eastern Redbud,4–9,Full Sun to Part Shade,Pink pea-like flowers along branches,,204.58,270.18
Callicarpa americana var. 13 var. 53 var. 80,American Beautyberry,6–10,Full Sun to Part Shade,Bright purple berries along arching branches,,496.24,175.41
Abelia mosanensis var. 18 var. 10 var. 81,Fragrant Abelia,4–8,Full Sun to Part Shade,Pink tubular flowers; fragrant; arching habit,,242.76,143.09
Camellia japonica var. 82,Camellia,7–9,Part Shade,Rose-like blooms; glossy evergreen leaves,,212.73,228.53
Acer rubrum var. 0 var. 45 var. 83,Red Maple,3–9,Full Sun to Part Shade,Bright red fall foliage; medium to large tree,,341.63,233.06
Cercis canadensis var. 4 var. 0 var. 7 var. 84,Eastern Redbud,4–9,Full Sun to Part Shade,Pink pea-like flowers along branches,,241.1,203.21
Cornus florida var. 5 var. 1 var. 73 var. 85,Flowering Dogwood,5–9,Part Shade,Showy bracts in white or pink; red fall berries,,372.41,115.79
Cornus florida var. 18 var. 86,Flowering Dogwood,5–9,Part Shade,Showy bracts in white or pink; red fall berries,,247.52,446.95
Cornus florida var. 5 var. 1 var. 87,Flowering Dogwood,5–9,Part Shade,Showy bracts in white or pink; red fall berries,,433.06,341.44
Acer rubrum var. 0 var. 10 var. 26 var. 4 var. 88,Red Maple,3–9,Full Sun to Part Shade,Bright red fall foliage; medium to large tree,,296.79,196.43
Callicarpa americana var. 13 var. 25 var. 44 var. 89,American Beautyberry,6–10,Full Sun to Part Shade,Bright purple berries along arching branches,,496.06,111.0
Cercis canadensis var. 4 var. 0 var. 90,Eastern Redbud,4–9,Full Sun to Part Shade,Pink pea-like flowers along branches,,294.94,419.98
Callicarpa americana var. 13 var. 25 var. 91,American Beautyberry,6–10,Full Sun to Part Shade,Bright purple berries along arching branches,,172.16,373.62
Chionanthus virginicus var. 7 var. 12 var. 92,Fringe Tree,4–9,Full Sun to Part Shade,Fragrant fringe-like white flowers,,175.96,466.3
Berberis thunbergii var. 19 var. 12 var. 8 var. 93,Japanese Barberry,4–8,Full Sun to Part Shade,Spiny shrub; red to green foliage; small yellow flowers,,318.6,288.57
Acer rubrum var. 4 var. 51 var. 94,Red Maple,3–9,Full Sun to Part Shade,Bright red fall foliage; medium to large tree,,153.49,443.5
Buddleia davidii var. 2 var. 9 var. 95,Butterfly Bush,5–9,Full Sun,Long flower spikes; purple or pink; attracts butterflies,,142.72,247.69
Camellia japonica var. 2 var. 96,Camellia,7–9,Part Shade,Rose-like blooms; glossy evergreen leaves,,167.01,336.84
Cornus florida var. 18 var. 79 var. 97,Flowering Dogwood,5–9,Part Shade,Showy bracts in white or pink; red fall berries,,449.01,466.62
Berberis thunbergii var. 19 var. 12 var. 98,Japanese Barberry,4–8,Full Sun to Part Shade,Spiny shrub; red to green foliage; small yellow flowers,,450.86,278.29
Callicarpa americana var. 3 var. 13 var. 99,American Beautyberry,6–10,Full Sun to Part Shade,Bright purple berries along arching branches,,254.7,422.11
Amsonia hubrichtii var. 6 var. 16 var. 39 var. 33 var. 100,Threadleaf Bluestar,5–9,Full Sun to Light Shade,Feathery foliage; light blue star-shaped flowers,,422.12,316.11
Berberis thunbergii var. 101,Japanese Barberry,4–8,Full Sun to Part Shade,Spiny shrub; red to green foliage; small yellow flowers,,463.67,499.73
Buddleia davidii var. 22 var. 102,Butterfly Bush,5–9,Full Sun,Long flower spikes; purple or pink; attracts butterflies,,477.37,256.8
Abelia mosanensis var. 9 var. 7 var. 8 var. 66 var. 103,Fragrant Abelia,4–8,Full Sun to Part Shade,Pink tubular flowers; fragrant; arching habit,,461.45,242.8
Callicarpa americana var. 7 var. 104,American Beautyberry,6–10,Full Sun to Part Shade,Bright purple berries along arching branches,,127.23,176.47
Chionanthus virginicus var. 7 var. 12 var. 23 var. 105,Fringe Tree,4–9,Full Sun to Part Shade,Fragrant fringe-like white flowers,,498.07,389.51
Buddleia davidii var. 22 var. 18 var. 106,Butterfly Bush,5–9,Full Sun,Long flower spikes; purple or pink; attracts butterflies,,350.42,439.15
Berberis thunbergii var. 1 var. 36 var. 107,Japanese Barberry,4–8,Full Sun to Part Shade,Spiny shrub; red to green foliage; small yellow flowers,,181.01,225.69
Amsonia hubrichtii var. 6 var. 16 var. 39 var. 108,Threadleaf Bluestar,5–9,Full Sun to Light Shade,Feathery foliage; light blue star-shaped flowers,,388.42,403.65
Acer rubrum var. 4 var. 17 var. 109,Red Maple,3–9,Full Sun to Part Shade,Bright red fall foliage; medium to large tree,,154.66,275.37
Camellia japonica var. 8 var. 15 var. 76 var. 110,Camellia,7–9,Part Shade,Rose-like blooms; glossy evergreen leaves,,431.87,146.35
Acer rubrum var. 6 var. 111,Red Maple,3–9,Full Sun to Part Shade,Bright red fall foliage; medium to large tree,,419.99,235.67
Amsonia hubrichtii var. 6 var. 32 var. 112,Threadleaf Bluestar,5–9,Full Sun to Light Shade,Feathery foliage; light blue star-shaped flowers,,449.94,242.57
Camellia japonica var. 8 var. 113,Camellia,7–9,Part Shade,Rose-like blooms; glossy evergreen leaves,,384.9,347.11
Chionanthus virginicus var. 17 var. 17 var. 114,Fringe Tree,4–9,Full Sun to Part Shade,Fragrant fringe-like white flowers,,113.66,169.43
Cercis canadensis var. 16 var. 115,Eastern Redbud,4–9,Full Sun to Part Shade,Pink pea-like flowers along branches,,236.49,275.21
Callicarpa americana var. 7 var. 50 var. 116,American Beautyberry,6–10,Full Sun to Part Shade,Bright purple berries along arching branches,,303.71,137.17
Camellia japonica var. 2 var. 31 var. 117,Camellia,7–9,Part Shade,Rose-like blooms; glossy evergreen leaves,,404.62,180.51
Chionanthus virginicus var. 118,Fringe Tree,4–9,Full Sun to Part Shade,Fragrant fringe-like white flowers,,362.92,411.14
Cercis canadensis var. 119,Eastern Redbud,4–9,Full Sun to Part Shade,Pink pea-like flowers along branches,,126.23,122.32
Buddleia davidii var. 2 var. 9 var. 46 var. 120,Butterfly Bush,5–9,Full Sun,Long flower spikes; purple or pink; attracts butterflies,,213.78,454.01
Berberis thunbergii var. 1 var. 11 var. 121,Japanese Barberry,4–8,Full Sun to Part Shade,Spiny shrub; red to green foliage; small yellow flowers,,262.28,182.97
Chionanthus virginicus var. 7 var. 12 var. 23 var. 122,Fringe Tree,4–9,Full Sun to Part Shade,Fragrant fringe-like white flowers,,115.57,191.62
Acer rubrum var. 0 var. 10 var. 26 var. 123,Red Maple,3–9,Full Sun to Part Shade,Bright red fall foliage; medium to large tree,,229.54,110.5
Buddleia davidii var. 2 var. 3 var. 124,Butterfly Bush,5–9,Full Sun,Long flower spikes; purple or pink; attracts butterflies,,222.5,361.52
Cornus florida var. 14 var. 125,Flowering Dogwood,5–9,Part Shade,Showy bracts in white or pink; red fall berries,,272.73,428.38
Abelia mosanensis var. 9 var. 7 var. 8 var. 126,Fragrant Abelia,4–8,Full Sun to Part Shade,Pink tubular flowers; fragrant; arching habit,,493.53,486.81
Cornus florida var. 5 var. 33 var. 127,Flowering Dogwood,5–9,Part Shade,Showy bracts in white or pink; red fall berries,,395.01,418.84
Abelia mosanensis var. 18 var. 0 var. 128,Fragrant Abelia,4–8,Full Sun to Part Shade,Pink tubular flowers; fragrant; arching habit,,299.96,215.57
Buddleia davidii var. 6 var. 9 var. 129,Butterfly Bush,5–9,Full Sun,Long flower spikes; purple or pink; attracts butterflies,,365.6,101.34
Abelia mosanensis var. 9 var. 7 var. 48 var. 130,Fragrant Abelia,4–8,Full Sun to Part Shade,Pink tubular flowers; fragrant; arching habit,,437.82,412.99
Amsonia hubrichtii var. 30 var. 131,Threadleaf Bluestar,5–9,Full Sun to Light Shade,Feathery foliage; light blue star-shaped flowers,,416.55,385.56
Callicarpa americana var. 3 var. 15 var. 31 var. 2 var. 132,American Beautyberry,6–10,Full Sun to Part Shade,Bright purple berries along arching branches,,259.07,147.6
Amsonia hubrichtii var. 6 var. 16 var. 133,Threadleaf Bluestar,5–9,Full Sun to Light Shade,Feathery foliage; light blue star-shaped flowers,,223.14,101.1
Amsonia hubrichtii var. 6 var. 32 var. 28 var. 134,Threadleaf Bluestar,5–9,Full Sun to Light Shade,Feathery foliage; light blue star-shaped flowers,,273.59,428.05
Buddleia davidii var. 2 var. 3 var. 61 var. 135,Butterfly Bush,5–9,Full Sun,Long flower spikes; purple or pink; attracts butterflies,,167.36,156.74
Callicarpa americana var. 3 var. 15 var. 31 var. 136,American Beautyberry,6–10,Full Sun to Part Shade,Bright purple berries along arching branches,,183.4,145.54
Chionanthus virginicus var. 17 var. 137,Fringe Tree,4–9,Full Sun to Part Shade,Fragrant fringe-like white flowers,,454.62,225.48
Cercis canadensis var. 30 var. 138,Eastern Redbud,4–9,Full Sun to Part Shade,Pink pea-like flowers along branches,,320.98,322.8
Cornus florida var. 14 var. 35 var. 35 var. 139,Flowering Dogwood,5–9,Part Shade,Showy bracts in white or pink; red fall berries,,112.23,322.57
Buddleia davidii var. 2 var. 9 var. 27 var. 21 var. 140,Butterfly Bush,5–9,Full Sun,Long flower spikes; purple or pink; attracts butterflies,,365.66,480.42
Berberis thunbergii var. 19 var. 141,Japanese Barberry,4–8,Full Sun to Part Shade,Spiny shrub; red to green foliage; small yellow flowers,,237.45,332.91
Abelia mosanensis var. 18 var. 142,Fragrant Abelia,4–8,Full Sun to Part Shade,Pink tubular flowers; fragrant; arching habit,,369.53,214.72
Buddleia davidii var. 2 var. 9 var. 27 var. 143,Butterfly Bush,5–9,Full Sun,Long flower spikes; purple or pink; attracts butterflies,,194.76,321.38
Berberis thunbergii var. 1 var. 11 var. 27 var. 144,Japanese Barberry,4–8,Full Sun to Part Shade,Spiny shrub; red to green foliage; small yellow flowers,,297.26,324.19
Chionanthus virginicus var. 7 var. 6 var. 145,Fringe Tree,4–9,Full Sun to Part Shade,Fragrant fringe-like white flowers,,453.64,171.5
Camellia japonica var. 2 var. 5 var. 49 var. 146,Camellia,7–9,Part Shade,Rose-like blooms; glossy evergreen leaves,,377.18,461.98
Acer rubrum var. 0 var. 29 var. 147,Red Maple,3–9,Full Sun to Part Shade,Bright red fall foliage; medium to large tree,,197.8,387.64
Camellia japonica var. 8 var. 19 var. 148,Camellia,7–9,Part Shade,Rose-like blooms; glossy evergreen leaves,,270.01,146.42
Camellia japonica var. 78 var. 149,Camellia,7–9,Part Shade,Rose-like blooms; glossy evergreen leaves,,409.32,462.06
Abelia mosanensis var. 9 var. 28 var. 69 var. 150,Fragrant Abelia,4–8,Full Sun to Part Shade,Pink tubular flowers; fragrant; arching habit,,281.24,122.57
Camellia japonica var. 2 var. 5 var. 151,Camellia,7–9,Part Shade,Rose-like blooms; glossy evergreen leaves,,154.97,353.66
Amsonia hubrichtii var. 26 var. 152,Threadleaf Bluestar,5–9,Full Sun to Light Shade,Feathery foliage; light blue star-shaped flowers,,422.31,268.8
Cercis canadensis var. 4 var. 0 var. 1 var. 153,Eastern Redbud,4–9,Full Sun to Part Shade,Pink pea-like flowers along branches,,466.59,169.42
Abelia mosanensis var. 9 var. 154,Fragrant Abelia,4–8,Full Sun to Part Shade,Pink tubular flowers; fragrant; arching habit,,125.95,311.33
Callicarpa americana var. 3 var. 15 var. 36 var. 155,American Beautyberry,6–10,Full Sun to Part Shade,Bright purple berries along arching branches,,487.96,295.14
Abelia mosanensis var. 9 var. 7 var. 156,Fragrant Abelia,4–8,Full Sun to Part Shade,Pink tubular flowers; fragrant; arching habit,,441.37,200.72
Abelia mosanensis var. 14 var. 157,Fragrant Abelia,4–8,Full Sun to Part Shade,Pink tubular flowers; fragrant; arching habit,,144.71,194.92
Cercis canadensis var. 4 var. 158,Eastern Redbud,4–9,Full Sun to Part Shade,Pink pea-like flowers along branches,,243.24,138.1
Chionanthus virginicus var. 19 var. 60 var. 159,Fringe Tree,4–9,Full Sun to Part Shade,Fragrant fringe-like white flowers,,204.66,353.6
Amsonia hubrichtii var. 30 var. 25 var. 55 var. 0,Threadleaf Bluestar,5–9,Full Sun to Light Shade,Feathery foliage; light blue star-shaped flowers,,157.05,427.06
Amsonia hubrichtii var. 6 var. 32 var. 28 var. 1,Threadleaf Bluestar,5–9,Full Sun to Light Shade,Feathery foliage; light blue star-shaped flowers,,486.07,259.35
Callicarpa americana var. 3 var. 14 var. 69 var. 2,American Beautyberry,6–10,Full Sun to Part Shade,Bright purple berries along arching branches,,158.59,458.37
Cercis canadensis var. 30 var. 3,Eastern Redbud,4–9,Full Sun to Part Shade,Pink pea-like flowers along branches,,405.84,418.36
Cercis canadensis var. 16 var. 115 var. 4,Eastern Redbud,4–9,Full Sun to Part Shade,Pink pea-like flowers along branches,,393.27,384.83
Abelia mosanensis var. 9 var. 7 var. 48 var. 130 var. 5,Fragrant Abelia,4–8,Full Sun to Part Shade,Pink tubular flowers; fragrant; arching habit,,230.77,373.7
Abelia mosanensis var. 70 var. 6,Fragrant Abelia,4–8,Full Sun to Part Shade,Pink tubular flowers; fragrant; arching habit,,378.5,429.58
Buddleia davidii var. 2 var. 38 var. 7,Butterfly Bush,5–9,Full Sun,Long flower spikes; purple or pink; attracts butterflies,,225.05,116.33
Camellia japonica var. 8 var. 5 var. 21 var. 40 var. 8,Camellia,7–9,Part Shade,Rose-like blooms; glossy evergreen leaves,,418.34,245.06
Acer rubrum var. 0 var. 45 var. 9,Red Maple,3–9,Full Sun to Part Shade,Bright red fall foliage; medium to large tree,,183.3,129.47
Amsonia hubrichtii var. 30 var. 10,Threadleaf Bluestar,5–9,Full Sun to Light Shade,Feathery foliage; light blue star-shaped flowers,,270.42,331.69
Acer rubrum var. 77 var. 58 var. 11,Red Maple,3–9,Full Sun to Part Shade,Bright red fall foliage; medium to large tree,,378.65,232.21
Cornus florida var. 14 var. 12,Flowering Dogwood,5–9,Part Shade,Showy bracts in white or pink; red fall berries,,197.73,328.59
Acer rubrum var. 4 var. 17 var. 20 var. 13,Red Maple,3–9,Full Sun to Part Shade,Bright red fall foliage; medium to large tree,,208.32,127.02
Camellia japonica var. 78 var. 14,Camellia,7–9,Part Shade,Rose-like blooms; glossy evergreen leaves,,171.18,116.72
Chionanthus virginicus var. 19 var. 50 var. 15,Fringe Tree,4–9,Full Sun to Part Shade,Fragrant fringe-like white flowers,,181.27,225.68
Abelia mosanensis var. 9 var. 28 var. 69 var. 150 var. 16,Fragrant Abelia,4–8,Full Sun to Part Shade,Pink tubular flowers; fragrant; arching habit,,114.62,313.56
Callicarpa americana var. 13 var. 25 var. 17,American Beautyberry,6–10,Full Sun to Part Shade,Bright purple berries along arching branches,,390.37,390.11
Amsonia hubrichtii var. 18,Threadleaf Bluestar,5–9,Full Sun to Light Shade,Feathery foliage; light blue star-shaped flowers,,199.84,459.08
Acer rubrum var. 6 var. 10 var. 29 var. 19,Red Maple,3–9,Full Sun to Part Shade,Bright red fall foliage; medium to large tree,,272.56,145.27
Chionanthus virginicus var. 7 var. 12 var. 23 var. 105 var. 20,Fringe Tree,4–9,Full Sun to Part Shade,Fragrant fringe-like white flowers,,191.98,190.29
Callicarpa americana var. 7 var. 21,American Beautyberry,6–10,Full Sun to Part Shade,Bright purple berries along arching branches,,211.99,450.12
Chionanthus virginicus var. 17 var. 22,Fringe Tree,4–9,Full Sun to Part Shade,Fragrant fringe-like white flowers,,490.84,239.58
Chionanthus virginicus var. 118 var. 23,Fringe Tree,4–9,Full Sun to Part Shade,Fragrant fringe-like white flowers,,204.0,325.69
Callicarpa americana var. 13 var. 25 var. 91 var. 24,American Beautyberry,6–10,Full Sun to Part Shade,Bright purple berries along arching branches,,274.44,260.58
Acer rubrum var. 0 var. 10 var. 25,Red Maple,3–9,Full Sun to Part Shade,Bright red fall foliage; medium to large tree,,181.35,252.74
Berberis thunbergii var. 1 var. 11 var. 26,Japanese Barberry,4–8,Full Sun to Part Shade,Spiny shrub; red to green foliage; small yellow flowers,,486.1,470.23
Cornus florida var. 18 var. 79 var. 27,Flowering Dogwood,5–9,Part Shade,Showy bracts in white or pink; red fall berries,,355.86,451.65
Cercis canadensis var. 16 var. 65 var. 28,Eastern Redbud,4–9,Full Sun to Part Shade,Pink pea-like flowers along branches,,274.6,106.97
Chionanthus virginicus var. 37 var. 29,Fringe Tree,4–9,Full Sun to Part Shade,Fragrant fringe-like white flowers,,340.68,378.48
Buddleia davidii var. 2 var. 3 var. 61 var. 135 var. 30,Butterfly Bush,5–9,Full Sun,Long flower spikes; purple or pink; attracts butterflies,,200.38,286.51
Chionanthus virginicus var. 19 var. 60 var. 159 var. 31,Fringe Tree,4–9,Full Sun to Part Shade,Fragrant fringe-like white flowers,,101.53,415.11
Camellia japonica var. 2 var. 31 var. 117 var. 32,Camellia,7–9,Part Shade,Rose-like blooms; glossy evergreen leaves,,315.91,222.12
Camellia japonica var. 8 var. 5 var. 21 var. 1 var. 33,Camellia,7–9,Part Shade,Rose-like blooms; glossy evergreen leaves,,475.23,346.4
Cercis canadensis var. 4 var. 0 var. 1 var. 3 var. 23 var. 34,Eastern Redbud,4–9,Full Sun to Part Shade,Pink pea-like flowers along branches,,231.28,112.7
Buddleia davidii var. 2 var. 9 var. 46 var. 120 var. 35,Butterfly Bush,5–9,Full Sun,Long flower spikes; purple or pink; attracts butterflies,,490.72,386.65
Camellia japonica var. 8 var. 19 var. 36,Camellia,7–9,Part Shade,Rose-like blooms; glossy evergreen leaves,,261.83,269.21
Acer rubrum var. 0 var. 10 var. 26 var. 123 var. 37,Red Maple,3–9,Full Sun to Part Shade,Bright red fall foliage; medium to large tree,,146.64,104.5
Camellia japonica var. 37 var. 38,Camellia,7–9,Part Shade,Rose-like blooms; glossy evergreen leaves,,338.84,203.01
Abelia mosanensis var. 9 var. 7 var. 48 var. 39,Fragrant Abelia,4–8,Full Sun to Part Shade,Pink tubular flowers; fragrant; arching habit,,254.82,159.55
Amsonia hubrichtii var. 8 var. 4 var. 40,Threadleaf Bluestar,5–9,Full Sun to Light Shade,Feathery foliage; light blue star-shaped flowers,,206.76,292.9
Buddleia davidii var. 2 var. 3 var. 41,Butterfly Bush,5–9,Full Sun,Long flower spikes; purple or pink; attracts butterflies,,100.66,367.85
Cornus florida var. 14 var. 125 var. 42,Flowering Dogwood,5–9,Part Shade,Showy bracts in white or pink; red fall berries,,326.08,259.91
Buddleia davidii var. 2 var. 43,Butterfly Bush,5–9,Full Sun,Long flower spikes; purple or pink; attracts butterflies,,209.53,123.3
Cercis canadensis var. 30 var. 138 var. 44,Eastern Redbud,4–9,Full Sun to Part Shade,Pink pea-like flowers along branches,,356.54,460.42
Cercis canadensis var. 4 var. 11 var. 54 var. 19 var. 45,Eastern Redbud,4–9,Full Sun to Part Shade,Pink pea-like flowers along branches,,306.79,173.59
Abelia mosanensis var. 9 var. 28 var. 69 var. 46,Fragrant Abelia,4–8,Full Sun to Part Shade,Pink tubular flowers; fragrant; arching habit,,213.81,484.42
Camellia japonica var. 37 var. 75 var. 47,Camellia,7–9,Part Shade,Rose-like blooms; glossy evergreen leaves,,411.12,416.02
Acer rubrum var. 4 var. 48,Red Maple,3–9,Full Sun to Part Shade,Bright red fall foliage; medium to large tree,,180.62,457.71
Berberis thunbergii var. 1 var. 36 var. 16 var. 65 var. 49,Japanese Barberry,4–8,Full Sun to Part Shade,Spiny shrub; red to green foliage; small yellow flowers,,219.39,339.8
Cornus florida var. 18 var. 86 var. 50,Flowering Dogwood,5–9,Part Shade,Showy bracts in white or pink; red fall berries,,299.85,138.51
Cornus florida var. 5 var. 1 var. 2 var. 41 var. 51,Flowering Dogwood,5–9,Part Shade,Showy bracts in white or pink; red fall berries,,255.72,211.47
Camellia japonica var. 2 var. 5 var. 49 var. 52,Camellia,7–9,Part Shade,Rose-like blooms; glossy evergreen leaves,,408.29,103.75
Berberis thunbergii var. 19 var. 141 var. 53,Japanese Barberry,4–8,Full Sun to Part Shade,Spiny shrub; red to green foliage; small yellow flowers,,443.13,206.35
Buddleia davidii var. 6 var. 9 var. 54,Butterfly Bush,5–9,Full Sun,Long flower spikes; purple or pink; attracts butterflies,,424.39,309.63
Buddleia davidii var. 2 var. 47 var. 55,Butterfly Bush,5–9,Full Sun,Long flower spikes; purple or pink; attracts butterflies,,435.21,390.36
Amsonia hubrichtii var. 8 var. 4 var. 67 var. 56,Threadleaf Bluestar,5–9,Full Sun to Light Shade,Feathery foliage; light blue star-shaped flowers,,153.17,261.65
Amsonia hubrichtii var. 6 var. 42 var. 57,Threadleaf Bluestar,5–9,Full Sun to Light Shade,Feathery foliage; light blue star-shaped flowers,,313.13,313.15
Camellia japonica var. 2 var. 31 var. 58,Camellia,7–9,Part Shade,Rose-like blooms; glossy evergreen leaves,,402.48,382.62
Cornus florida var. 5 var. 33 var. 74 var. 60 var. 59,Flowering Dogwood,5–9,Part Shade,Showy bracts in white or pink; red fall berries,,323.99,422.94
Berberis thunbergii var. 101 var. 60,Japanese Barberry,4–8,Full Sun to Part Shade,Spiny shrub; red to green foliage; small yellow flowers,,337.77,108.39
Callicarpa americana var. 5 var. 61,American Beautyberry,6–10,Full Sun to Part Shade,Bright purple berries along arching branches,,409.74,410.25
Cercis canadensis var. 4 var. 47 var. 62,Eastern Redbud,4–9,Full Sun to Part Shade,Pink pea-like flowers along branches,,383.1,438.75
Buddleia davidii var. 56 var. 63,Butterfly Bush,5–9,Full Sun,Long flower spikes; purple or pink; attracts butterflies,,211.47,363.64
Cercis canadensis var. 3 var. 22 var. 79 var. 64,Eastern Redbud,4–9,Full Sun to Part Shade,Pink pea-like flowers along branches,,377.36,201.63
Callicarpa americana var. 13 var. 25 var. 44 var. 89 var. 65,American Beautyberry,6–10,Full Sun to Part Shade,Bright purple berries along arching branches,,341.95,224.73
Chionanthus virginicus var. 17 var. 34 var. 40 var. 66,Fringe Tree,4–9,Full Sun to Part Shade,Fragrant fringe-like white flowers,,235.61,485.78
Buddleia davidii var. 6 var. 32 var. 67,Butterfly Bush,5–9,Full Sun,Long flower spikes; purple or pink; attracts butterflies,,376.01,106.6
Amsonia hubrichtii var. 6 var. 16 var. 39 var. 68,Threadleaf Bluestar,5–9,Full Sun to Light Shade,Feathery foliage; light blue star-shaped flowers,,318.95,163.07
Acer rubrum var. 0 var. 29 var. 147 var. 69,Red Maple,3–9,Full Sun to Part Shade,Bright red fall foliage; medium to large tree,,103.02,430.81
Cornus florida var. 5 var. 33 var. 74 var. 70,Flowering Dogwood,5–9,Part Shade,Showy bracts in white or pink; red fall berries,,296.66,370.85
Buddleia davidii var. 6 var. 74 var. 71,Butterfly Bush,5–9,Full Sun,Long flower spikes; purple or pink; attracts butterflies,,188.3,447.07
Buddleia davidii var. 2 var. 9 var. 95 var. 72,Butterfly Bush,5–9,Full Sun,Long flower spikes; purple or pink; attracts butterflies,,179.01,431.63
Berberis thunbergii var. 1 var. 11 var. 73,Japanese Barberry,4–8,Full Sun to Part Shade,Spiny shrub; red to green foliage; small yellow flowers,,496.21,376.61
Amsonia hubrichtii var. 6 var. 32 var. 74,Threadleaf Bluestar,5–9,Full Sun to Light Shade,Feathery foliage; light blue star-shaped flowers,,348.47,270.16
Berberis thunbergii var. 1 var. 11 var. 20 var. 63 var. 17 var. 75,Japanese Barberry,4–8,Full Sun to Part Shade,Spiny shrub; red to green foliage; small yellow flowers,,354.49,115.41
Berberis thunbergii var. 19 var. 29 var. 3 var. 76,Japanese Barberry,4–8,Full Sun to Part Shade,Spiny shrub; red to green foliage; small yellow flowers,,440.72,116.73
Amsonia hubrichtii var. 6 var. 16 var. 77,Threadleaf Bluestar,5–9,Full Sun to Light Shade,Feathery foliage; light blue star-shaped flowers,,335.28,454.23
Callicarpa americana var. 3 var. 15 var. 78,American Beautyberry,6–10,Full Sun to Part Shade,Bright purple berries along arching branches,,182.73,308.13
Abelia mosanensis var. 9 var. 7 var. 79,Fragrant Abelia,4–8,Full Sun to Part Shade,Pink tubular flowers; fragrant; arching habit,,167.62,225.41
Acer rubrum var. 0 var. 10 var. 57 var. 2 var. 80,Red Maple,3–9,Full Sun to Part Shade,Bright red fall foliage; medium to large tree,,373.1,494.86
Amsonia hubrichtii var. 8 var. 31 var. 81,Threadleaf Bluestar,5–9,Full Sun to Light Shade,Feathery foliage; light blue star-shaped flowers,,209.91,259.48
Camellia japonica var. 2 var. 5 var. 49 var. 146 var. 82,Camellia,7–9,Part Shade,Rose-like blooms; glossy evergreen leaves,,330.31,450.24
Callicarpa americana var. 3 var. 15 var. 31 var. 2 var. 83,American Beautyberry,6–10,Full Sun to Part Shade,Bright purple berries along arching branches,,315.92,359.34
Cornus florida var. 5 var. 71 var. 84,Flowering Dogwood,5–9,Part Shade,Showy bracts in white or pink; red fall berries,,268.47,236.23
Berberis thunbergii var. 24 var. 39 var. 85,Japanese Barberry,4–8,Full Sun to Part Shade,Spiny shrub; red to green foliage; small yellow flowers,,149.01,499.95
Berberis thunbergii var. 1 var. 11 var. 20 var. 12 var. 86,Japanese Barberry,4–8,Full Sun to Part Shade,Spiny shrub; red to green foliage; small yellow flowers,,342.76,180.2
Chionanthus virginicus var. 17 var. 34 var. 40 var. 43 var. 87,Fringe Tree,4–9,Full Sun to Part Shade,Fragrant fringe-like white flowers,,260.38,460.79
Abelia mosanensis var. 9 var. 7 var. 8 var. 66 var. 88,Fragrant Abelia,4–8,Full Sun to Part Shade,Pink tubular flowers; fragrant; arching habit,,439.59,423.43
Berberis thunbergii var. 19 var. 89,Japanese Barberry,4–8,Full Sun to Part Shade,Spiny shrub; red to green foliage; small yellow flowers,,379.99,144.69
Chionanthus virginicus var. 7 var. 12 var. 23 var. 43 var. 9 var. 90,Fringe Tree,4–9,Full Sun to Part Shade,Fragrant fringe-like white flowers,,387.98,395.72
Buddleia davidii var. 2 var. 9 var. 27 var. 21 var. 91,Butterfly Bush,5–9,Full Sun,Long flower spikes; purple or pink; attracts butterflies,,269.45,254.66
American Beautyberry,Callicarpa americana var. 7 var. 50 var. 92,6–10,Full Sun to Part Shade,Bright purple berries along arching branches,,470.2,148.84
Cornus florida var. 5 var. 93,Flowering Dogwood,5–9,Part Shade,Showy bracts in white or pink; red fall berries,,470.58,158.25
Camellia japonica var. 37 var. 59 var. 94,Camellia,7–9,Part Shade,Rose-like blooms; glossy evergreen leaves,,177.43,298.09
Cercis canadensis var. 4 var. 0 var. 7 var. 95,Eastern Redbud,4–9,Full Sun to Part Shade,Pink pea-like flowers along branches,,338.6,245.06
Buddleia davidii var. 2 var. 38 var. 28 var. 96,Butterfly Bush,5–9,Full Sun,Long flower spikes; purple or pink; attracts butterflies,,469.39,430.91
Cornus florida var. 5 var. 1 var. 87 var. 97,Flowering Dogwood,5–9,Part Shade,Showy bracts in white or pink; red fall berries,,102.59,100.24
Chionanthus virginicus var. 7 var. 6 var. 98,Fringe Tree,4–9,Full Sun to Part Shade,Fragrant fringe-like white flowers,,189.45,370.26
Cercis canadensis var. 4 var. 11 var. 99,Eastern Redbud,4–9,Full Sun to Part Shade,Pink pea-like flowers along branches,,180.03,457.98
Ilex opaca,American Holly,5-9,Full Sun to Part Shade,Evergreen tree with spiny dark green leaves and red berries,,3600,4020
Ilex aquifolium,English Holly,6-9,Full Sun to Part Shade,Glossy spiny leaves with bright red berries; traditional Christmas holly,,105.57,274.89
Inkberry,Ilex glabra,4-9,Full Sun to Part Shade,Evergreen shrub with dark green leaves and black berries,,153.06,327.73
Ilex verticillata,Winterberry,3-9,Full Sun to Part Shade,Deciduous holly with bright red berries after leaves drop,,225.17,331.56
Ilex crenata,Japanese Holly,5-8,Full Sun to Part Shade,Compact evergreen shrub with small glossy leaves; boxwood alternative,,134.06,444.54
Ilex cassine,Dahoon Holly,7-11,Full Sun to Part Shade,Tall evergreen with smooth leaves and red berries; native to SE U.S.,,376.97,165.88
Ilex vomitoria,Yaupon Holly,7-10,Full Sun to Part Shade,Evergreen with small leaves and red berries; drought tolerant,,326.69,367.02
Ilex cornuta,Chinese Holly,7-9,Full Sun to Part Shade,Spiny dark green leaves with large red berries; heat tolerant,,282.11,284.34
Ilex serrata,Finetooth Holly,5-8,Full Sun to Part Shade,Deciduous shrub with fine-toothed leaves and red berries,,166.24,292.61
Ilex pedunculosa,Longstalk Holly,5-8,Full Sun to Part Shade,Deciduous shrub with drooping clusters of bright red berries,,299.77,145.79
Taxus × media,Yew-hedge,5-7,Partial Shade to Full Shade,Dense dark-green needle foliage forming a compact hedge,1.0,4750,2350
